{"bleu": {"damd": 14.633944049013099, "uniconv": 14.105733414096022, "hdsa": 15.614486694013232, "lava": 15.593984195053316, "augpt": 13.543629912234602, "mwz22": 14.108705342005466}, "success": null, "richness": null}